{
  "model": "gru",
  "batch_size": 320,
  "epochs": 80,
  "params": 2461862,
  "best_epoch": 80,
  "best_val_loss": 0.46324544603174383,
  "test": {
    "loss": 0.4619997577233748,
    "acc": 0.8358531813200369,
    "ppl": 1.587244918673207
  },
  "gen": {
    "validity": 0.779,
    "uniqueness": 0.9884467265725289,
    "novelty": 0.8383116883116883,
    "n_gen": 2000,
    "n_valid": 1558
  },
  "test_sample": {
    "validity": 0.779,
    "uniqueness": 0.9884467265725289,
    "novelty": 0.8383116883116883,
    "n_gen": 2000,
    "n_valid": 1558,
    "fcd": 1.2322874603800642,
    "fcd_n": 1558
  },
  "n_train": 27480,
  "n_val": 3435,
  "n_test": 3435
}