{
  "total": 10000,
  "valid": 9915,
  "unique": 6421,
  "novel": 6365,
  "validity": 0.9915,
  "uniqueness": 0.6476046394351992,
  "novelty": 0.9912786170378446,
  "length": {
    "n": 6421,
    "min": 1.0,
    "max": 101.0,
    "mean": 21.1839277371126,
    "std": 15.739408506000037
  },
  "qed": {
    "n": 6421,
    "min": 0.01866308808793227,
    "max": 0.868111211902771,
    "mean": 0.4427524224268952,
    "std": 0.1306938202552769
  },
  "sa": {
    "n": 6421,
    "min": 1.0136537419316873,
    "max": 8.485507008507629,
    "mean": 5.22718983693195,
    "std": 1.2637973122131512
  },
  "diversity": {
    "n_fp": 2000,
    "mean_tanimoto": 0.045971273987575625,
    "diversity": 0.9540287260124244
  },
  "fcd": 16.70241793851394
}